id;title;content;created_at;user_id;node_id
1;after 尽 mid;太 even;2024-01-16T18:55:08;1;1
2;lip absent 更;吞;2024-01-16T21:05:38;2;2
3;yet as 挡;索性 nor phooey;2024-01-17T00:44:32;1;3
4;略微;chasm;2024-01-17T05:10:26;1;4
5;没有 ick savings;along consequently;2024-01-16T15:46:20;2;5
6;干脆 ha;少 fishbone;2024-01-16T21:20:54;1;6
7;tracking;beside woot;2024-01-16T09:50:29;2;7
8;who;consequently unlike 搜;2024-01-17T03:03:14;2;8
9;平坦 必定;ick 特地 细;2024-01-16T17:12:51;1;9
10;持 meet;大约 honey;2024-01-16T21:43:50;1;10
